{"GentSniper":{"body":{"trueHeight":185.175231934,"height":185.175231934,"width":117.42515564,"depth":30.7057647706}},"AssaultJump":{"body":{"trueHeight":186.03711837,"height":245.584564208,"width":155.055236816,"depth":117.909515381}},"BoyAndDjinn":{"aurox":{"trueHeight":248.570971355,"height":358.047973632,"width":298.740600586,"depth":233.69316101},"shayne":{"trueHeight":158.540085609,"height":168.08430481,"width":103.092147827,"depth":37.2065429688}},"SpiritMech":{"body":{"trueHeight":275.631652832,"height":275.631652832,"width":277.426269532,"depth":230.628875732}},"RogueSoldier":{"body":{"trueHeight":168.169749088,"height":188.62689209,"width":122.915008545,"depth":45.181640625}},"PapaShotgun":{"body":{"trueHeight":213.013008716,"height":222.109649658,"width":245.439331054,"depth":72.8717651368}},"LeapingLuchador":{"body":{"trueHeight":221.870878318,"height":240.075668334,"width":241.781692504,"depth":82.5441131592}},"MutantFist":{"body":{"trueHeight":166.232749939,"height":179.754074097,"width":105.135543823,"depth":41.154460907}},"TacticalBuilder":{"body":{"trueHeight":191.895626683,"height":207.854492188,"width":240.769195556,"depth":216.50340271}},"PlagueBringer":{"body":{"trueHeight":145.660432038,"height":178.765075684,"width":94.2364883422,"depth":135.534240723}},"DarkElfRanger":{"body":{"trueHeight":190.614099091,"height":205.57698059,"width":95.2046661376,"depth":64.735168457}},"DeathBlade":{"body":{"trueHeight":180.508889939,"height":185.145248413,"width":137.178161621,"depth":85.1216888428}},"RogueCommander":{"body":{"trueHeight":141.208088429,"height":152.378708,"width":94.662598,"depth":90.952964}},"MachineGunner":{"body":{"trueHeight":288.871673584,"height":288.871673584,"width":241.720596314,"depth":98.4071273804}},"ModernSoldier":{"body":{"trueHeight":168.373689838,"height":179.833679199,"width":116.840873718,"depth":48.0834770202}},"TribalHealer":{"body":{"trueHeight":163.061950684,"height":163.061950684,"width":68.6070861816,"depth":66.6717681884}},"ChaosMage":{"body":{"trueHeight":151.26558463,"height":181.919784546,"width":139.476913452,"depth":73.353881836}},"MageBlade":{"body":{"trueHeight":181.468063354,"height":181.468063354,"width":127.165290833,"depth":97.887664795}},"SunPriestess":{"body":{"trueHeight":169.354464035,"height":198.283340454,"width":101.805358887,"depth":66.3733062744}},"RocketHawk":{"body":{"trueHeight":168.236269077,"height":215.302368164,"width":367.854003906,"depth":107.642684937}},"DwarvenWarrior":{"body":{"trueHeight":152.202772022,"height":184.066360474,"width":216.427093506,"depth":90.7260742188}},"SoulCollector":{"body":{"trueHeight":296.021052036,"height":310.095672608,"width":457.693786622,"depth":172.638397217}},"Blackguard":{"body":{"trueHeight":179.310039783,"height":190.464630127,"width":131.062011719,"depth":64.7140045166}},"PenguinMech":{"mech":{"trueHeight":311.139008,"height":311.139008,"width":287.2948,"depth":248.01236},"body":{"trueHeight":36.4460959859,"height":52.54158,"width":53.437328,"depth":33.94828}},"IceGolem":{"body":{"trueHeight":321.91329956,"height":321.91329956,"width":462.909118652,"depth":309.448425292}},"DarkAssassin":{"body":{"trueHeight":161.407992137,"height":179.485687256,"width":97.9669799804,"depth":54.4324569702}},"WaterMonk":{"body":{"trueHeight":168.594110627,"height":170.646560669,"width":109.680885315,"depth":43.889328003}},"CornerSneaker":{"body":{"trueHeight":199.666204149,"height":270.910736084,"width":269.156829834,"depth":138.067077637}},"Bombirdier":{"body":{"trueHeight":130.227617194,"height":140.528106689,"width":211.529205322,"depth":118.978096008}},"SideKick":{"body":{"trueHeight":151.048873681,"height":187.52973938,"width":118.337265015,"depth":91.6195831298}}}